message_id,grower_id,campaign_product,campaign_crop,tehsil,message_sent_date,delivered,opened,clicked,attributed_sales_count,attributed_qty_sold,attributed_revenue,converted
WAM_RABI25_04002,GRW_05359,Tilt 250 EC,wheat,Ratlam_T016,2025-10-29,True,True,False,0,0,0.0,False
WAM_RABI25_03030,GRW_04054,Tilt 250 EC,wheat,Bikaner_T071,2025-11-22,True,True,True,0,0,0.0,False
WAM_RABI25_02733,GRW_03647,Score 250 EC,mustard,Bharatpur_T085,2025-10-22,True,False,False,0,0,0.0,False
WAM_RABI25_00585,GRW_00775,Score 250 EC,mustard,Agra_T075,2025-10-24,True,False,False,0,0,0.0,False
WAM_RABI25_03362,GRW_04494,Tilt 250 EC,wheat,Amravati_T010,2025-11-21,True,False,False,0,0,0.0,False
WAM_RABI25_00811,GRW_01104,Amistar 250 SC,chickpea,Patiala_T139,2025-10-08,True,False,False,0,0,0.0,False
WAM_RABI25_01624,GRW_02172,Tilt 250 EC,wheat,Ahmedabad_T128,2026-03-12,True,False,False,0,0,0.0,False
WAM_RABI25_00288,GRW_00379,Amistar 250 SC,lentil,Sehore_T039,2025-11-19,True,True,True,0,0,0.0,False
WAM_RABI25_01052,GRW_01416,Tilt 250 EC,wheat,Varanasi_T065,2025-12-01,True,False,False,0,0,0.0,False
WAM_RABI25_04258,GRW_05713,Tilt 250 EC,wheat,Nadia_T108,2025-11-18,True,True,False,0,0,0.0,False
WAM_RABI25_02187,GRW_02935,Amistar 250 SC,chickpea,Ratlam_T131,2025-11-29,True,True,False,0,0,0.0,False
WAM_RABI25_04451,GRW_05966,Amistar 250 SC,lentil,Bardhaman_T139,2025-11-16,True,False,False,0,0,0.0,False
WAM_RABI25_02302,GRW_03079,Amistar 250 SC,chickpea,Lucknow_T035,2025-10-28,True,False,False,1,8,7026.08,True
WAM_RABI25_00239,GRW_00314,Score 250 EC,mustard,Bharatpur_T144,2025-10-06,True,False,False,0,0,0.0,False
WAM_RABI25_02579,GRW_03455,Tilt 250 EC,wheat,Varanasi_T002,2026-02-10,True,False,False,0,0,0.0,False
WAM_RABI25_03163,GRW_04233,Amistar 250 SC,barley,Bikaner_T074,2025-12-10,True,True,False,1,2,2715.54,True
WAM_RABI25_03381,GRW_04518,Tilt 250 EC,wheat,Jalgaon_T046,2025-11-25,True,True,False,5,18,27843.82,True
WAM_RABI25_03308,GRW_04426,Tilt 250 EC,wheat,Kanpur_Nagar_T113,2025-11-22,True,False,False,0,0,0.0,False
WAM_RABI25_01553,GRW_02081,Tilt 250 EC,wheat,Mehsana_T010,2025-10-31,True,True,False,0,0,0.0,False
WAM_RABI25_02677,GRW_03580,Amistar 250 SC,chickpea,Bathinda_T145,2026-01-14,True,False,False,1,7,8389.99,True
WAM_RABI25_01322,GRW_01775,Score 250 EC,mustard,Ludhiana_T026,2025-11-19,True,False,False,0,0,0.0,False
WAM_RABI25_01116,GRW_01498,Amistar 250 SC,lentil,Ujjain_T093,2025-10-07,True,False,False,4,7,10967.3,True
WAM_RABI25_00417,GRW_00558,Kavach 75 WP,potato,Bardhaman_T032,2026-03-23,True,False,False,0,0,0.0,False
WAM_RABI25_00858,GRW_01164,Tilt 250 EC,wheat,Patiala_T108,2025-10-24,False,False,False,3,15,32190.559999999998,True
WAM_RABI25_01045,GRW_01408,Score 250 EC,mustard,Karnal_T137,2025-11-26,True,False,False,0,0,0.0,False
WAM_RABI25_04302,GRW_05773,Score 250 EC,mustard,Bardhaman_T044,2025-11-23,True,True,False,0,0,0.0,False
WAM_RABI25_00890,GRW_01204,Amistar 250 SC,barley,Sirsa_T077,2025-11-15,True,False,False,2,7,11620.05,True
WAM_RABI25_04094,GRW_05486,Tilt 250 EC,wheat,Jaipur_T128,2026-02-09,True,False,False,0,0,0.0,False
WAM_RABI25_02756,GRW_03681,Score 250 EC,mustard,Mehsana_T133,2025-10-27,True,False,False,0,0,0.0,False
WAM_RABI25_01228,GRW_01649,Kavach 75 WP,potato,Bardhaman_T032,2026-01-07,True,False,False,0,0,0.0,False
WAM_RABI25_02251,GRW_03018,Score 250 EC,mustard,Bikaner_T096,2025-12-27,True,False,False,0,0,0.0,False
WAM_RABI25_02329,GRW_03114,Tilt 250 EC,wheat,Sirsa_T028,2025-10-14,True,True,False,0,0,0.0,False
WAM_RABI25_03830,GRW_05133,Tilt 250 EC,wheat,Agra_T124,2025-12-06,True,False,False,1,4,7078.0,True
WAM_RABI25_03979,GRW_05327,Score 250 EC,mustard,Sikar_T129,2025-12-27,True,False,False,0,0,0.0,False
WAM_RABI25_01175,GRW_01582,Tilt 250 EC,wheat,Varanasi_T035,2025-10-23,True,True,False,0,0,0.0,False
WAM_RABI25_04437,GRW_05945,Tilt 250 EC,wheat,Ratlam_T017,2025-10-14,True,False,False,4,16,22923.719999999998,True
WAM_RABI25_03601,GRW_04816,Tilt 250 EC,wheat,Ratlam_T016,2025-11-27,True,False,False,0,0,0.0,False
WAM_RABI25_01109,GRW_01489,Tilt 250 EC,wheat,Vijayapura_T027,2025-10-22,True,False,False,0,0,0.0,False
WAM_RABI25_01375,GRW_01843,Amistar 250 SC,lentil,Indore_T087,2025-12-08,True,False,False,1,2,4390.64,True
WAM_RABI25_00808,GRW_01101,Amistar 250 SC,barley,Bharatpur_T039,2026-02-27,True,True,False,0,0,0.0,False
WAM_RABI25_03159,GRW_04228,Amistar 250 SC,chickpea,Patiala_T079,2026-02-25,True,True,False,0,0,0.0,False
WAM_RABI25_02300,GRW_03076,Tilt 250 EC,wheat,Kanpur_Nagar_T068,2026-01-10,True,False,False,0,0,0.0,False
WAM_RABI25_00415,GRW_00555,Kavach 75 WP,potato,Ludhiana_T065,2026-02-20,True,False,False,0,0,0.0,False
WAM_RABI25_02212,GRW_02965,Score 250 EC,mustard,Agra_T034,2025-12-15,True,False,False,0,0,0.0,False
WAM_RABI25_00158,GRW_00207,Score 250 EC,safflower,Kalaburagi_T062,2025-11-16,True,True,False,0,0,0.0,False
WAM_RABI25_00430,GRW_00574,Tilt 250 EC,wheat,Amravati_T073,2025-10-24,True,False,False,0,0,0.0,False
WAM_RABI25_01273,GRW_01708,Amistar 250 SC,chickpea,Kalaburagi_T112,2026-01-10,True,False,False,4,22,21603.87,True
WAM_RABI25_03412,GRW_04561,Amistar 250 SC,barley,Bharatpur_T111,2025-11-08,False,False,False,0,0,0.0,False
WAM_RABI25_02663,GRW_03565,Score 250 EC,mustard,Bharatpur_T103,2025-11-04,True,True,True,0,0,0.0,False
WAM_RABI25_02721,GRW_03633,Tilt 250 EC,wheat,Agra_T013,2026-02-07,True,False,False,0,0,0.0,False
WAM_RABI25_04024,GRW_05387,Tilt 250 EC,wheat,Kanpur_Nagar_T116,2025-10-15,True,False,False,0,0,0.0,False
WAM_RABI25_00643,GRW_00852,Tilt 250 EC,wheat,Agra_T049,2025-11-11,True,False,False,0,0,0.0,False
WAM_RABI25_01516,GRW_02038,Score 250 EC,mustard,Bharatpur_T065,2026-03-25,True,False,False,0,0,0.0,False
WAM_RABI25_00024,GRW_00034,Tilt 250 EC,wheat,Rohtak_T082,2025-10-16,True,True,False,0,0,0.0,False
WAM_RABI25_00506,GRW_00671,Score 250 EC,safflower,Jalgaon_T104,2026-01-05,True,False,False,0,0,0.0,False
WAM_RABI25_04402,GRW_05906,Tilt 250 EC,wheat,Mehsana_T088,2025-10-25,True,True,False,0,0,0.0,False
WAM_RABI25_00995,GRW_01343,Score 250 EC,mustard,Bharatpur_T145,2026-01-17,True,True,False,0,0,0.0,False
WAM_RABI25_00444,GRW_00590,Tilt 250 EC,wheat,Indore_T147,2026-02-03,True,False,False,0,0,0.0,False
WAM_RABI25_00152,GRW_00197,Tilt 250 EC,wheat,Muzaffarpur_T084,2025-10-18,True,False,False,0,0,0.0,False
WAM_RABI25_02299,GRW_03074,Score 250 EC,mustard,Ahmedabad_T097,2025-10-11,True,True,False,0,0,0.0,False
WAM_RABI25_03565,GRW_04771,Kavach 75 WP,potato,Nadia_T034,2025-11-17,True,True,False,0,0,0.0,False
WAM_RABI25_03919,GRW_05253,Score 250 EC,mustard,Bathinda_T112,2025-12-23,True,False,False,2,9,5868.28,True
WAM_RABI25_03454,GRW_04618,Tilt 250 EC,wheat,Ludhiana_T073,2025-10-31,True,False,False,4,9,6639.75,True
WAM_RABI25_02906,GRW_03890,Tilt 250 EC,wheat,Akola_T043,2025-10-12,True,False,False,0,0,0.0,False
WAM_RABI25_02537,GRW_03403,Amistar 250 SC,chickpea,Vijayapura_T058,2025-10-23,True,False,False,4,122,178225.39,True
WAM_RABI25_03185,GRW_04263,Amistar 250 SC,barley,Sirsa_T107,2025-10-22,True,False,False,0,0,0.0,False
WAM_RABI25_01468,GRW_01964,Tilt 250 EC,wheat,Nadia_T052,2025-11-21,True,False,False,2,11,9201.789999999999,True
WAM_RABI25_01612,GRW_02156,Tilt 250 EC,wheat,Bikaner_T139,2025-11-17,True,True,False,2,115,49999.65,True
WAM_RABI25_01747,GRW_02335,Tilt 250 EC,wheat,Sirsa_T021,2026-03-09,True,False,False,0,0,0.0,False
WAM_RABI25_01035,GRW_01397,Tilt 250 EC,wheat,Akola_T040,2026-01-05,True,False,False,0,0,0.0,False
WAM_RABI25_03572,GRW_04779,Score 250 EC,mustard,Hisar_T012,2026-01-13,True,False,False,0,0,0.0,False
WAM_RABI25_03341,GRW_04468,Tilt 250 EC,wheat,Bharatpur_T092,2025-10-14,True,True,False,0,0,0.0,False
WAM_RABI25_03059,GRW_04096,Tilt 250 EC,wheat,Lucknow_T111,2025-10-26,True,False,False,1,21,35177.73,True
WAM_RABI25_01513,GRW_02034,Tilt 250 EC,wheat,Patna_T019,2025-11-21,True,False,False,0,0,0.0,False
WAM_RABI25_00880,GRW_01192,Score 250 EC,safflower,Jalgaon_T137,2026-03-09,True,False,False,0,0,0.0,False
WAM_RABI25_03467,GRW_04637,Kavach 75 WP,potato,Amritsar_T133,2025-10-10,True,False,False,0,0,0.0,False
WAM_RABI25_01362,GRW_01825,Tilt 250 EC,wheat,Sikar_T071,2025-11-23,True,False,False,1,6,8058.42,True
WAM_RABI25_00752,GRW_01019,Tilt 250 EC,wheat,Patiala_T062,2025-12-19,True,True,False,2,27,58399.48000000001,True
WAM_RABI25_03839,GRW_05145,Tilt 250 EC,wheat,Bathinda_T026,2025-12-03,True,False,False,0,0,0.0,False
WAM_RABI25_01331,GRW_01785,Amistar 250 SC,lentil,Ratlam_T017,2026-02-22,True,False,False,0,0,0.0,False
WAM_RABI25_02669,GRW_03572,Tilt 250 EC,wheat,Amritsar_T042,2026-01-26,True,True,False,0,0,0.0,False
WAM_RABI25_01555,GRW_02084,Tilt 250 EC,wheat,Nadia_T091,2025-11-04,True,False,False,0,0,0.0,False
WAM_RABI25_01741,GRW_02326,Amistar 250 SC,barley,Karnal_T072,2025-12-24,True,True,True,0,0,0.0,False
WAM_RABI25_01095,GRW_01471,Amistar 250 SC,lentil,Indore_T001,2025-12-28,True,True,True,0,0,0.0,False
WAM_RABI25_03066,GRW_04105,Amistar 250 SC,chickpea,Sikar_T131,2025-11-30,True,False,False,1,47,30988.510000000002,True
WAM_RABI25_03533,GRW_04727,Tilt 250 EC,wheat,Hisar_T078,2026-03-14,True,False,False,0,0,0.0,False
WAM_RABI25_00323,GRW_00430,Tilt 250 EC,wheat,Lucknow_T051,2025-10-22,True,False,False,0,0,0.0,False
WAM_RABI25_02620,GRW_03508,Tilt 250 EC,wheat,Amravati_T148,2025-11-11,True,False,False,0,0,0.0,False
WAM_RABI25_02699,GRW_03607,Amistar 250 SC,chickpea,Vijayapura_T032,2026-02-27,True,True,True,0,0,0.0,False
WAM_RABI25_01176,GRW_01583,Tilt 250 EC,wheat,Kanpur_Nagar_T125,2026-01-12,True,False,False,0,0,0.0,False
WAM_RABI25_01579,GRW_02112,Tilt 250 EC,wheat,Indore_T053,2026-01-11,True,False,False,1,8,6250.08,True
WAM_RABI25_03536,GRW_04730,Tilt 250 EC,wheat,Rajkot_T068,2025-10-08,True,True,False,0,0,0.0,False
WAM_RABI25_01002,GRW_01354,Tilt 250 EC,wheat,Meerut_T014,2025-12-04,True,False,False,0,0,0.0,False
WAM_RABI25_02070,GRW_02775,Tilt 250 EC,wheat,Varanasi_T040,2025-10-06,True,False,False,0,0,0.0,False
WAM_RABI25_02259,GRW_03029,Score 250 EC,mustard,Jaipur_T006,2025-11-03,True,False,False,0,0,0.0,False
WAM_RABI25_02536,GRW_03402,Tilt 250 EC,wheat,Muzaffarpur_T012,2025-10-31,True,False,False,0,0,0.0,False
WAM_RABI25_03617,GRW_04834,Tilt 250 EC,wheat,Rohtak_T106,2025-10-22,True,False,False,4,38,32418.58,True
WAM_RABI25_01922,GRW_02576,Tilt 250 EC,wheat,Ahmedabad_T031,2025-11-19,True,False,False,0,0,0.0,False
WAM_RABI25_00813,GRW_01106,Amistar 250 SC,chickpea,Sikar_T011,2025-10-09,True,False,False,0,0,0.0,False
WAM_RABI25_01025,GRW_01383,Amistar 250 SC,chickpea,Vijayapura_T052,2025-10-21,True,False,False,0,0,0.0,False
WAM_RABI25_02315,GRW_03098,Tilt 250 EC,wheat,Nadia_T015,2025-10-11,True,False,False,0,0,0.0,False
WAM_RABI25_02749,GRW_03673,Kavach 75 WP,potato,Meerut_T053,2025-11-11,True,False,False,0,0,0.0,False
WAM_RABI25_03503,GRW_04683,Amistar 250 SC,chickpea,Amravati_T137,2025-12-07,True,False,False,8,30,45414.64,True
WAM_RABI25_02485,GRW_03328,Amistar 250 SC,chickpea,Muzaffarpur_T031,2025-12-07,True,True,False,2,15,15475.33,True
WAM_RABI25_03535,GRW_04729,Tilt 250 EC,wheat,Hisar_T037,2025-10-28,True,False,False,0,0,0.0,False
WAM_RABI25_03177,GRW_04252,Tilt 250 EC,wheat,Agra_T038,2025-10-15,True,False,False,0,0,0.0,False
WAM_RABI25_03401,GRW_04542,Tilt 250 EC,wheat,Amravati_T037,2025-10-15,True,False,False,0,0,0.0,False
WAM_RABI25_00603,GRW_00797,Tilt 250 EC,wheat,Rohtak_T113,2026-01-06,True,False,False,0,0,0.0,False
WAM_RABI25_03819,GRW_05117,Kavach 75 WP,potato,Ludhiana_T011,2025-10-29,True,True,False,0,0,0.0,False
WAM_RABI25_01502,GRW_02018,Tilt 250 EC,wheat,Mehsana_T020,2025-12-15,True,True,False,0,0,0.0,False
WAM_RABI25_02391,GRW_03195,Tilt 250 EC,wheat,Agra_T038,2025-10-09,True,False,False,0,0,0.0,False
WAM_RABI25_02883,GRW_03865,Tilt 250 EC,wheat,Sikar_T049,2026-03-29,True,True,False,0,0,0.0,False
WAM_RABI25_02831,GRW_03793,Amistar 250 SC,chickpea,Bikaner_T042,2025-11-23,True,True,False,4,17,22762.25,True
WAM_RABI25_00788,GRW_01074,Amistar 250 SC,barley,Karnal_T053,2025-11-28,True,True,False,0,0,0.0,False
WAM_RABI25_01730,GRW_02315,Tilt 250 EC,wheat,Jaipur_T124,2025-11-09,True,False,False,0,0,0.0,False
WAM_RABI25_02836,GRW_03800,Tilt 250 EC,wheat,Amritsar_T141,2025-10-17,True,False,False,2,10,6482.66,True
WAM_RABI25_01091,GRW_01467,Tilt 250 EC,wheat,Patna_T066,2025-10-18,True,False,False,0,0,0.0,False
WAM_RABI25_01996,GRW_02668,Tilt 250 EC,wheat,Rohtak_T144,2026-03-08,True,False,False,0,0,0.0,False
WAM_RABI25_03525,GRW_04718,Score 250 EC,safflower,Akola_T031,2025-10-09,True,False,False,0,0,0.0,False
WAM_RABI25_03108,GRW_04161,Kavach 75 WP,potato,Nadia_T020,2025-10-12,True,False,False,0,0,0.0,False
WAM_RABI25_03875,GRW_05190,Tilt 250 EC,wheat,Rajkot_T114,2025-10-06,True,False,False,0,0,0.0,False
WAM_RABI25_01237,GRW_01658,Tilt 250 EC,wheat,Sehore_T124,2025-12-04,True,False,False,0,0,0.0,False
WAM_RABI25_00052,GRW_00065,Tilt 250 EC,wheat,Rohtak_T093,2025-10-10,True,False,False,0,0,0.0,False
WAM_RABI25_01653,GRW_02211,Amistar 250 SC,chickpea,Kanpur_Nagar_T061,2025-10-17,True,False,False,0,0,0.0,False
WAM_RABI25_00694,GRW_00927,Score 250 EC,mustard,Ratlam_T140,2025-10-10,True,False,False,0,0,0.0,False
WAM_RABI25_04000,GRW_05357,Tilt 250 EC,wheat,Ludhiana_T011,2025-11-03,True,False,False,1,5,10486.35,True
WAM_RABI25_01435,GRW_01924,Tilt 250 EC,wheat,Rohtak_T076,2025-12-21,True,False,False,0,0,0.0,False
WAM_RABI25_01058,GRW_01422,Tilt 250 EC,wheat,Ujjain_T131,2025-12-29,True,False,False,0,0,0.0,False
WAM_RABI25_01832,GRW_02455,Tilt 250 EC,wheat,Ahmedabad_T046,2025-12-04,True,False,False,0,0,0.0,False
WAM_RABI25_04321,GRW_05799,Tilt 250 EC,wheat,Patiala_T017,2025-10-24,True,False,False,0,0,0.0,False
WAM_RABI25_02717,GRW_03629,Amistar 250 SC,chickpea,Amravati_T036,2025-11-06,True,True,False,0,0,0.0,False
WAM_RABI25_01042,GRW_01405,Tilt 250 EC,wheat,Patna_T143,2026-04-02,True,False,False,0,0,0.0,False
WAM_RABI25_00297,GRW_00393,Amistar 250 SC,chickpea,Vijayapura_T140,2025-10-06,True,False,False,0,0,0.0,False
WAM_RABI25_04235,GRW_05685,Kavach 75 WP,potato,Ludhiana_T002,2025-10-31,True,False,False,0,0,0.0,False
WAM_RABI25_04093,GRW_05485,Tilt 250 EC,wheat,Bikaner_T137,2025-11-25,True,True,True,0,0,0.0,False
WAM_RABI25_03930,GRW_05266,Amistar 250 SC,chickpea,Lucknow_T074,2025-11-16,True,False,False,0,0,0.0,False
WAM_RABI25_01379,GRW_01847,Tilt 250 EC,wheat,Karnal_T001,2025-10-06,True,False,False,0,0,0.0,False
WAM_RABI25_03078,GRW_04124,Amistar 250 SC,maize,Muzaffarpur_T033,2026-02-12,True,True,False,0,0,0.0,False
WAM_RABI25_01676,GRW_02241,Tilt 250 EC,wheat,Sikar_T017,2025-10-26,True,False,False,0,0,0.0,False
WAM_RABI25_02499,GRW_03348,Tilt 250 EC,wheat,Ahmedabad_T052,2025-11-14,True,True,False,0,0,0.0,False
WAM_RABI25_00133,GRW_00172,Kavach 75 WP,potato,Amritsar_T112,2025-11-12,True,False,False,3,14,18596.35,True
WAM_RABI25_00595,GRW_00785,Score 250 EC,mustard,Sehore_T021,2025-10-18,True,True,False,2,8,15830.330000000002,True
WAM_RABI25_00200,GRW_00264,Tilt 250 EC,wheat,Ludhiana_T127,2025-10-15,True,False,False,0,0,0.0,False
WAM_RABI25_03107,GRW_04160,Amistar 250 SC,cumin,Rajkot_T112,2025-10-06,True,False,False,0,0,0.0,False
WAM_RABI25_00487,GRW_00645,Score 250 EC,mustard,Rajkot_T062,2026-01-24,True,False,False,0,0,0.0,False
WAM_RABI25_04138,GRW_05551,Tilt 250 EC,wheat,Rohtak_T084,2026-02-13,True,False,False,0,0,0.0,False
WAM_RABI25_01801,GRW_02411,Amistar 250 SC,chickpea,Indore_T042,2025-11-10,True,False,False,0,0,0.0,False
WAM_RABI25_03790,GRW_05078,Tilt 250 EC,wheat,Sehore_T067,2025-10-28,True,True,False,0,0,0.0,False
WAM_RABI25_01492,GRW_01999,Score 250 EC,mustard,Lucknow_T159,2025-10-26,True,False,False,0,0,0.0,False
WAM_RABI25_03477,GRW_04650,Amistar 250 SC,chickpea,Sirsa_T052,2025-12-07,True,False,False,0,0,0.0,False
WAM_RABI25_02979,GRW_03992,Tilt 250 EC,wheat,Bardhaman_T014,2025-12-02,True,False,False,6,138,140468.46,True
WAM_RABI25_00253,GRW_00330,Amistar 250 SC,chickpea,Patiala_T025,2025-12-07,True,False,False,0,0,0.0,False
WAM_RABI25_04424,GRW_05929,Amistar 250 SC,barley,Sikar_T083,2025-10-19,True,False,False,0,0,0.0,False
WAM_RABI25_03240,GRW_04343,Score 250 EC,mustard,Bharatpur_T012,2025-10-26,True,True,False,3,7,7420.259999999999,True
WAM_RABI25_00135,GRW_00174,Tilt 250 EC,wheat,Nadia_T018,2025-10-08,True,False,False,0,0,0.0,False
WAM_RABI25_00535,GRW_00707,Amistar 250 SC,barley,Bikaner_T100,2025-10-08,True,False,False,0,0,0.0,False
WAM_RABI25_00472,GRW_00623,Tilt 250 EC,wheat,Karnal_T146,2026-02-02,True,False,False,0,0,0.0,False
WAM_RABI25_01843,GRW_02471,Amistar 250 SC,barley,Bikaner_T002,2025-11-10,True,True,False,0,0,0.0,False
WAM_RABI25_01503,GRW_02019,Tilt 250 EC,wheat,Ludhiana_T072,2026-01-17,True,True,True,2,8,14273.400000000001,True
WAM_RABI25_03606,GRW_04821,Kavach 75 WP,potato,Bathinda_T132,2026-01-22,True,True,False,0,0,0.0,False
WAM_RABI25_00018,GRW_00024,Tilt 250 EC,wheat,Vijayapura_T132,2025-10-24,True,True,False,0,0,0.0,False
WAM_RABI25_03502,GRW_04681,Amistar 250 SC,lentil,Sehore_T142,2026-02-13,True,False,False,0,0,0.0,False
WAM_RABI25_00275,GRW_00359,Tilt 250 EC,wheat,Hisar_T048,2025-12-07,False,False,False,0,0,0.0,False
WAM_RABI25_02570,GRW_03445,Tilt 250 EC,wheat,Agra_T115,2025-11-16,True,False,False,0,0,0.0,False
WAM_RABI25_02459,GRW_03287,Tilt 250 EC,wheat,Sehore_T123,2026-02-08,True,False,False,0,0,0.0,False
WAM_RABI25_01236,GRW_01657,Tilt 250 EC,wheat,Patiala_T127,2025-10-17,True,False,False,0,0,0.0,False
WAM_RABI25_01433,GRW_01922,Tilt 250 EC,wheat,Patna_T075,2025-12-01,True,False,False,1,5,9058.300000000001,True
WAM_RABI25_01412,GRW_01897,Score 250 EC,mustard,Ahmedabad_T014,2025-12-19,True,False,False,0,0,0.0,False
WAM_RABI25_01925,GRW_02579,Amistar 250 SC,chickpea,Kalaburagi_T017,2025-10-20,True,False,False,0,0,0.0,False
WAM_RABI25_02919,GRW_03909,Tilt 250 EC,wheat,Sehore_T072,2025-11-28,True,False,False,0,0,0.0,False
WAM_RABI25_03757,GRW_05031,Tilt 250 EC,wheat,Vijayapura_T142,2025-10-29,True,False,False,0,0,0.0,False
WAM_RABI25_02577,GRW_03453,Tilt 250 EC,wheat,Sehore_T038,2025-12-07,True,False,False,0,0,0.0,False
WAM_RABI25_03726,GRW_04985,Tilt 250 EC,wheat,Bikaner_T055,2025-12-05,True,False,False,0,0,0.0,False
WAM_RABI25_03629,GRW_04850,Score 250 EC,mustard,Indore_T021,2025-12-03,True,True,False,0,0,0.0,False
WAM_RABI25_01043,GRW_01406,Tilt 250 EC,wheat,Ratlam_T079,2025-11-27,True,False,False,0,0,0.0,False
WAM_RABI25_03563,GRW_04766,Amistar 250 SC,chickpea,Muzaffarpur_T048,2026-01-27,True,True,False,0,0,0.0,False
WAM_RABI25_02838,GRW_03803,Amistar 250 SC,chickpea,Amritsar_T121,2026-02-24,True,False,False,0,0,0.0,False
WAM_RABI25_04087,GRW_05477,Tilt 250 EC,wheat,Vijayapura_T086,2025-12-17,True,False,False,0,0,0.0,False
WAM_RABI25_00843,GRW_01145,Tilt 250 EC,wheat,Patiala_T101,2026-02-05,True,False,False,1,3,1932.3600000000001,True
WAM_RABI25_02475,GRW_03314,Tilt 250 EC,wheat,Ujjain_T017,2025-12-10,True,False,False,5,9,15364.609999999999,True
WAM_RABI25_04288,GRW_05755,Tilt 250 EC,wheat,Vijayapura_T044,2025-10-11,True,False,False,0,0,0.0,False
WAM_RABI25_03777,GRW_05059,Tilt 250 EC,wheat,Indore_T003,2025-12-04,True,False,False,0,0,0.0,False
WAM_RABI25_04290,GRW_05757,Tilt 250 EC,wheat,Ludhiana_T074,2025-12-28,True,False,False,1,3,6431.549999999999,True
WAM_RABI25_04435,GRW_05942,Tilt 250 EC,wheat,Jaipur_T014,2025-12-23,True,False,False,0,0,0.0,False
WAM_RABI25_03803,GRW_05096,Tilt 250 EC,wheat,Vijayapura_T072,2026-03-28,True,False,False,0,0,0.0,False
WAM_RABI25_02229,GRW_02986,Tilt 250 EC,wheat,Bharatpur_T023,2026-01-19,True,False,False,0,0,0.0,False
WAM_RABI25_00912,GRW_01234,Tilt 250 EC,wheat,Kalaburagi_T134,2025-10-16,True,False,False,0,0,0.0,False
WAM_RABI25_01899,GRW_02547,Score 250 EC,mustard,Sirsa_T096,2025-10-28,True,False,False,0,0,0.0,False
WAM_RABI25_04167,GRW_05592,Amistar 250 SC,chickpea,Amritsar_T068,2025-11-28,True,False,False,2,23,15725.94,True
WAM_RABI25_02346,GRW_03140,Score 250 EC,mustard,Lucknow_T123,2026-01-19,True,False,False,0,0,0.0,False
WAM_RABI25_03664,GRW_04893,Amistar 250 SC,chickpea,Agra_T094,2025-11-22,True,False,False,2,9,8677.02,True
WAM_RABI25_03607,GRW_04822,Amistar 250 SC,lentil,Sehore_T082,2025-11-01,True,False,False,0,0,0.0,False
WAM_RABI25_02937,GRW_03932,Amistar 250 SC,cumin,Ahmedabad_T033,2026-01-06,True,False,False,0,0,0.0,False
WAM_RABI25_01865,GRW_02496,Amistar 250 SC,lentil,Ratlam_T041,2025-12-03,True,False,False,0,0,0.0,False
WAM_RABI25_01439,GRW_01930,Tilt 250 EC,wheat,Muzaffarpur_T126,2025-12-29,True,False,False,0,0,0.0,False
WAM_RABI25_02941,GRW_03938,Amistar 250 SC,cumin,Rajkot_T052,2025-12-20,True,False,False,0,0,0.0,False
WAM_RABI25_04393,GRW_05895,Score 250 EC,mustard,Mehsana_T014,2025-10-29,True,False,False,0,0,0.0,False
WAM_RABI25_02119,GRW_02850,Tilt 250 EC,wheat,Jalgaon_T061,2026-03-27,True,False,False,0,0,0.0,False
WAM_RABI25_01534,GRW_02056,Amistar 250 SC,chickpea,Rohtak_T059,2025-10-09,True,False,False,0,0,0.0,False
WAM_RABI25_00777,GRW_01055,Amistar 250 SC,barley,Meerut_T092,2026-02-02,True,False,False,0,0,0.0,False
WAM_RABI25_03012,GRW_04033,Tilt 250 EC,wheat,Patna_T058,2025-10-12,True,False,False,0,0,0.0,False
WAM_RABI25_01181,GRW_01589,Amistar 250 SC,cumin,Rajkot_T101,2025-11-21,True,False,False,3,20,23967.739999999998,True
WAM_RABI25_00469,GRW_00620,Tilt 250 EC,wheat,Kanpur_Nagar_T050,2025-10-15,True,False,False,0,0,0.0,False
WAM_RABI25_00094,GRW_00119,Tilt 250 EC,wheat,Vijayapura_T128,2025-10-13,True,False,False,0,0,0.0,False
WAM_RABI25_02453,GRW_03280,Tilt 250 EC,wheat,Jalgaon_T084,2025-10-15,True,True,False,0,0,0.0,False
WAM_RABI25_02288,GRW_03060,Tilt 250 EC,wheat,Sikar_T021,2026-02-23,True,True,False,2,46,60002.329999999994,True
WAM_RABI25_03654,GRW_04880,Kavach 75 WP,potato,Ludhiana_T130,2025-10-07,True,False,False,0,0,0.0,False
WAM_RABI25_01179,GRW_01587,Tilt 250 EC,wheat,Bardhaman_T042,2025-12-15,True,False,False,0,0,0.0,False
WAM_RABI25_00316,GRW_00419,Amistar 250 SC,chickpea,Mehsana_T145,2025-11-11,True,False,False,0,0,0.0,False
WAM_RABI25_00458,GRW_00607,Tilt 250 EC,wheat,Patiala_T055,2025-11-20,True,False,False,1,1,1951.24,True
WAM_RABI25_00747,GRW_01011,Amistar 250 SC,chickpea,Sikar_T107,2025-11-06,True,False,False,1,1,742.38,True
WAM_RABI25_00298,GRW_00395,Tilt 250 EC,wheat,Bikaner_T073,2025-10-08,True,True,False,0,0,0.0,False
WAM_RABI25_03039,GRW_04071,Kavach 75 WP,potato,Ludhiana_T117,2026-03-24,True,False,False,4,12,13556.29,True
WAM_RABI25_01965,GRW_02628,Tilt 250 EC,wheat,Nadia_T039,2025-12-11,True,False,False,1,5,10808.050000000001,True
WAM_RABI25_04201,GRW_05639,Amistar 250 SC,maize,Patna_T062,2026-03-29,True,True,False,2,6,12243.01,True
WAM_RABI25_00034,GRW_00046,Score 250 EC,mustard,Mehsana_T025,2025-10-27,True,False,False,0,0,0.0,False
WAM_RABI25_02122,GRW_02853,Amistar 250 SC,barley,Meerut_T071,2025-11-29,True,False,False,0,0,0.0,False
WAM_RABI25_04232,GRW_05682,Tilt 250 EC,wheat,Varanasi_T028,2025-11-21,True,False,False,4,17,24215.02,True
WAM_RABI25_00597,GRW_00787,Amistar 250 SC,chickpea,Muzaffarpur_T144,2026-01-30,True,False,False,0,0,0.0,False
WAM_RABI25_00110,GRW_00141,Kavach 75 WP,potato,Bardhaman_T057,2026-02-10,True,False,False,0,0,0.0,False
WAM_RABI25_04076,GRW_05458,Amistar 250 SC,chickpea,Kanpur_Nagar_T141,2026-01-29,True,False,False,0,0,0.0,False
WAM_RABI25_03233,GRW_04332,Amistar 250 SC,lentil,Nadia_T108,2025-10-20,True,False,False,0,0,0.0,False
WAM_RABI25_00180,GRW_00238,Tilt 250 EC,wheat,Ludhiana_T011,2026-03-06,True,False,False,1,7,5842.83,True
WAM_RABI25_00732,GRW_00984,Tilt 250 EC,wheat,Amravati_T077,2025-10-22,True,False,False,2,158,245369.12,True
WAM_RABI25_03671,GRW_04906,Score 250 EC,mustard,Ratlam_T108,2025-12-15,True,True,True,2,3,4560.360000000001,True
WAM_RABI25_00706,GRW_00942,Amistar 250 SC,lentil,Ratlam_T119,2025-12-07,True,False,False,0,0,0.0,False
WAM_RABI25_03493,GRW_04671,Kavach 75 WP,potato,Meerut_T138,2026-03-26,True,True,False,0,0,0.0,False
WAM_RABI25_04029,GRW_05393,Score 250 EC,mustard,Varanasi_T013,2025-10-21,True,True,False,0,0,0.0,False
WAM_RABI25_00627,GRW_00830,Tilt 250 EC,wheat,Bikaner_T030,2026-01-23,True,True,False,0,0,0.0,False
WAM_RABI25_02894,GRW_03876,Tilt 250 EC,wheat,Jaipur_T080,2026-03-23,True,False,False,0,0,0.0,False
WAM_RABI25_00735,GRW_00988,Tilt 250 EC,wheat,Varanasi_T126,2025-12-02,True,False,False,0,0,0.0,False
WAM_RABI25_00979,GRW_01325,Tilt 250 EC,wheat,Kalaburagi_T034,2025-10-09,True,False,False,0,0,0.0,False
WAM_RABI25_00121,GRW_00158,Amistar 250 SC,cumin,Ahmedabad_T133,2026-02-10,True,False,False,0,0,0.0,False
WAM_RABI25_04408,GRW_05913,Tilt 250 EC,wheat,Ujjain_T159,2026-03-22,True,False,False,0,0,0.0,False
WAM_RABI25_03300,GRW_04415,Tilt 250 EC,wheat,Ludhiana_T035,2025-10-13,True,False,False,1,3,5390.46,True
WAM_RABI25_02165,GRW_02906,Tilt 250 EC,wheat,Indore_T061,2025-12-02,True,False,False,0,0,0.0,False
WAM_RABI25_04442,GRW_05952,Score 250 EC,mustard,Sirsa_T018,2025-11-25,True,False,False,0,0,0.0,False
WAM_RABI25_04113,GRW_05517,Tilt 250 EC,wheat,Ahmedabad_T003,2025-11-06,True,False,False,0,0,0.0,False
WAM_RABI25_00684,GRW_00914,Tilt 250 EC,wheat,Hisar_T126,2025-10-26,True,False,False,0,0,0.0,False
WAM_RABI25_04191,GRW_05626,Tilt 250 EC,wheat,Bikaner_T023,2025-12-05,True,False,False,0,0,0.0,False
WAM_RABI25_02782,GRW_03719,Tilt 250 EC,wheat,Jalgaon_T023,2025-10-08,True,False,False,0,0,0.0,False
WAM_RABI25_01114,GRW_01496,Amistar 250 SC,lentil,Bardhaman_T069,2025-11-11,True,False,False,8,107,126441.34,True
WAM_RABI25_03084,GRW_04133,Amistar 250 SC,chickpea,Bikaner_T116,2025-11-06,True,False,False,0,0,0.0,False
WAM_RABI25_00945,GRW_01278,Score 250 EC,safflower,Jalgaon_T147,2025-10-19,True,False,False,0,0,0.0,False
WAM_RABI25_04047,GRW_05421,Amistar 250 SC,barley,Meerut_T033,2025-12-21,True,False,False,0,0,0.0,False
WAM_RABI25_04279,GRW_05744,Tilt 250 EC,wheat,Ahmedabad_T061,2025-11-05,True,False,False,0,0,0.0,False
WAM_RABI25_00464,GRW_00614,Score 250 EC,mustard,Ludhiana_T144,2026-03-15,True,False,False,0,0,0.0,False
WAM_RABI25_03655,GRW_04881,Amistar 250 SC,chickpea,Sikar_T145,2026-02-06,True,True,False,0,0,0.0,False
WAM_RABI25_02012,GRW_02692,Amistar 250 SC,barley,Rohtak_T005,2025-10-18,True,False,False,0,0,0.0,False
WAM_RABI25_04269,GRW_05729,Amistar 250 SC,chickpea,Rajkot_T029,2025-12-08,True,True,False,2,6,7987.58,True
WAM_RABI25_03937,GRW_05273,Tilt 250 EC,wheat,Bathinda_T130,2026-04-05,True,False,False,0,0,0.0,False
WAM_RABI25_01107,GRW_01486,Amistar 250 SC,barley,Hisar_T127,2025-10-26,True,False,False,0,0,0.0,False
WAM_RABI25_03591,GRW_04803,Amistar 250 SC,chickpea,Kanpur_Nagar_T099,2025-11-08,True,True,False,0,0,0.0,False
WAM_RABI25_01506,GRW_02023,Amistar 250 SC,chickpea,Patna_T060,2025-12-19,True,False,False,0,0,0.0,False
WAM_RABI25_00803,GRW_01094,Tilt 250 EC,wheat,Sikar_T057,2025-12-07,True,False,False,3,21,19108.73,True
WAM_RABI25_00669,GRW_00891,Tilt 250 EC,wheat,Indore_T034,2025-12-06,True,False,False,0,0,0.0,False
WAM_RABI25_00145,GRW_00186,Amistar 250 SC,maize,Muzaffarpur_T016,2026-01-16,True,False,False,0,0,0.0,False
WAM_RABI25_04151,GRW_05570,Tilt 250 EC,wheat,Kanpur_Nagar_T019,2026-01-15,True,True,False,0,0,0.0,False
WAM_RABI25_00176,GRW_00231,Amistar 250 SC,chickpea,Kanpur_Nagar_T127,2025-10-19,True,False,False,0,0,0.0,False
WAM_RABI25_02522,GRW_03384,Score 250 EC,mustard,Bardhaman_T022,2025-11-17,True,False,False,0,0,0.0,False
WAM_RABI25_00046,GRW_00058,Tilt 250 EC,wheat,Akola_T067,2025-11-25,True,False,False,0,0,0.0,False
WAM_RABI25_04054,GRW_05429,Tilt 250 EC,wheat,Rajkot_T029,2026-01-18,True,True,False,0,0,0.0,False
WAM_RABI25_02744,GRW_03668,Tilt 250 EC,wheat,Vijayapura_T122,2025-12-04,True,False,False,0,0,0.0,False
WAM_RABI25_00812,GRW_01105,Tilt 250 EC,wheat,Bikaner_T041,2026-02-24,True,False,False,0,0,0.0,False
WAM_RABI25_03825,GRW_05126,Tilt 250 EC,wheat,Karnal_T136,2025-12-23,True,False,False,2,10,13600.86,True
WAM_RABI25_02185,GRW_02933,Tilt 250 EC,wheat,Muzaffarpur_T076,2026-01-06,True,True,False,0,0,0.0,False
WAM_RABI25_03478,GRW_04651,Score 250 EC,mustard,Ahmedabad_T076,2025-11-04,True,True,False,0,0,0.0,False
WAM_RABI25_02224,GRW_02980,Tilt 250 EC,wheat,Bardhaman_T080,2025-12-19,True,True,False,1,7,12288.08,True
WAM_RABI25_02921,GRW_03911,Tilt 250 EC,wheat,Amravati_T046,2025-11-04,True,False,False,0,0,0.0,False
WAM_RABI25_03940,GRW_05276,Score 250 EC,safflower,Akola_T139,2025-10-22,True,False,False,1,21,39739.35,True
WAM_RABI25_01968,GRW_02632,Tilt 250 EC,wheat,Mehsana_T095,2025-10-27,True,False,False,0,0,0.0,False
WAM_RABI25_04028,GRW_05392,Tilt 250 EC,wheat,Vijayapura_T016,2025-10-24,True,False,False,0,0,0.0,False
WAM_RABI25_01407,GRW_01892,Tilt 250 EC,wheat,Jaipur_T076,2025-10-31,True,True,True,0,0,0.0,False
WAM_RABI25_00150,GRW_00194,Tilt 250 EC,wheat,Bardhaman_T001,2025-10-22,True,True,False,0,0,0.0,False
WAM_RABI25_02334,GRW_03125,Tilt 250 EC,wheat,Rajkot_T036,2025-10-11,True,False,False,0,0,0.0,False
WAM_RABI25_03926,GRW_05262,Tilt 250 EC,wheat,Bathinda_T105,2026-03-07,True,True,False,0,0,0.0,False
WAM_RABI25_00299,GRW_00397,Tilt 250 EC,wheat,Amritsar_T005,2025-12-03,True,True,False,3,18,29489.78,True
WAM_RABI25_02461,GRW_03291,Tilt 250 EC,wheat,Jaipur_T039,2025-10-23,True,True,False,0,0,0.0,False
WAM_RABI25_00416,GRW_00557,Amistar 250 SC,barley,Jaipur_T116,2025-11-01,True,True,False,0,0,0.0,False
WAM_RABI25_02458,GRW_03285,Tilt 250 EC,wheat,Bharatpur_T134,2025-11-17,True,False,False,0,0,0.0,False
WAM_RABI25_01323,GRW_01776,Tilt 250 EC,wheat,Karnal_T113,2026-02-21,True,False,False,4,23,28299.25,True
WAM_RABI25_01930,GRW_02585,Tilt 250 EC,wheat,Ahmedabad_T010,2025-11-09,True,False,False,0,0,0.0,False
WAM_RABI25_02246,GRW_03010,Tilt 250 EC,wheat,Meerut_T114,2025-10-07,True,False,False,0,0,0.0,False
WAM_RABI25_04476,GRW_05997,Amistar 250 SC,chickpea,Bathinda_T117,2025-12-16,True,True,False,0,0,0.0,False
WAM_RABI25_00834,GRW_01135,Tilt 250 EC,wheat,Ahmedabad_T010,2026-03-29,True,True,True,0,0,0.0,False
WAM_RABI25_00309,GRW_00411,Amistar 250 SC,chickpea,Amritsar_T081,2026-01-06,True,False,False,0,0,0.0,False
WAM_RABI25_03946,GRW_05284,Tilt 250 EC,wheat,Muzaffarpur_T003,2025-10-12,True,True,False,0,0,0.0,False
WAM_RABI25_04382,GRW_05880,Tilt 250 EC,wheat,Ahmedabad_T059,2025-10-17,True,False,False,0,0,0.0,False
WAM_RABI25_04178,GRW_05609,Kavach 75 WP,potato,Agra_T110,2025-11-25,True,False,False,0,0,0.0,False
WAM_RABI25_01076,GRW_01445,Tilt 250 EC,wheat,Sikar_T154,2025-10-13,True,False,False,0,0,0.0,False
WAM_RABI25_01927,GRW_02581,Tilt 250 EC,wheat,Patna_T125,2025-10-22,True,False,False,0,0,0.0,False
WAM_RABI25_04399,GRW_05903,Amistar 250 SC,chickpea,Muzaffarpur_T021,2025-10-06,True,True,False,0,0,0.0,False
WAM_RABI25_04101,GRW_05493,Tilt 250 EC,wheat,Sikar_T087,2026-01-30,True,True,False,0,0,0.0,False
WAM_RABI25_00020,GRW_00027,Tilt 250 EC,wheat,Jaipur_T121,2025-10-22,True,False,False,0,0,0.0,False
WAM_RABI25_02370,GRW_03168,Amistar 250 SC,barley,Bikaner_T024,2025-10-13,True,False,False,0,0,0.0,False
WAM_RABI25_03647,GRW_04871,Tilt 250 EC,wheat,Bardhaman_T007,2025-12-17,True,False,False,0,0,0.0,False
WAM_RABI25_01973,GRW_02639,Amistar 250 SC,barley,Lucknow_T072,2025-10-08,True,False,False,0,0,0.0,False
WAM_RABI25_03195,GRW_04277,Amistar 250 SC,lentil,Patna_T029,2025-12-07,True,True,False,0,0,0.0,False
WAM_RABI25_00678,GRW_00905,Amistar 250 SC,chickpea,Karnal_T056,2026-01-21,True,False,False,3,8,14271.5,True
WAM_RABI25_00765,GRW_01040,Amistar 250 SC,chickpea,Amravati_T142,2025-12-18,True,False,False,0,0,0.0,False
WAM_RABI25_00857,GRW_01163,Tilt 250 EC,wheat,Ludhiana_T110,2025-10-14,True,False,False,0,0,0.0,False
WAM_RABI25_03440,GRW_04598,Amistar 250 SC,chickpea,Rohtak_T044,2026-03-29,True,False,False,0,0,0.0,False
WAM_RABI25_00938,GRW_01271,Tilt 250 EC,wheat,Bharatpur_T023,2025-12-01,True,False,False,0,0,0.0,False
WAM_RABI25_02358,GRW_03154,Tilt 250 EC,wheat,Patna_T002,2026-02-11,True,False,False,0,0,0.0,False
WAM_RABI25_04063,GRW_05440,Tilt 250 EC,wheat,Rohtak_T089,2025-11-14,True,True,True,2,22,23097.200000000004,True
WAM_RABI25_04369,GRW_05863,Tilt 250 EC,wheat,Bathinda_T118,2025-10-09,True,False,False,0,0,0.0,False
WAM_RABI25_00291,GRW_00382,Tilt 250 EC,wheat,Ludhiana_T068,2026-01-26,True,False,False,0,0,0.0,False
WAM_RABI25_01628,GRW_02177,Amistar 250 SC,chickpea,Karnal_T059,2026-01-04,True,True,True,3,11,13268.57,True
WAM_RABI25_02864,GRW_03839,Tilt 250 EC,wheat,Vijayapura_T109,2025-10-12,True,False,False,3,7,5876.150000000001,True
WAM_RABI25_00071,GRW_00089,Amistar 250 SC,lentil,Muzaffarpur_T053,2025-10-27,True,True,False,0,0,0.0,False
WAM_RABI25_00498,GRW_00657,Score 250 EC,mustard,Sirsa_T123,2025-12-12,True,True,False,0,0,0.0,False
WAM_RABI25_02903,GRW_03887,Tilt 250 EC,wheat,Sehore_T106,2026-03-04,True,False,False,0,0,0.0,False
WAM_RABI25_01430,GRW_01919,Score 250 EC,safflower,Jalgaon_T043,2026-01-31,True,False,False,0,0,0.0,False
WAM_RABI25_04300,GRW_05771,Amistar 250 SC,chickpea,Rohtak_T141,2025-11-06,True,False,False,0,0,0.0,False
WAM_RABI25_03182,GRW_04257,Tilt 250 EC,wheat,Meerut_T003,2025-12-01,True,False,False,4,12,17148.89,True
WAM_RABI25_01540,GRW_02065,Tilt 250 EC,wheat,Jalgaon_T042,2025-12-21,True,False,False,0,0,0.0,False
WAM_RABI25_03531,GRW_04725,Amistar 250 SC,chickpea,Ratlam_T021,2025-11-14,True,True,False,0,0,0.0,False
WAM_RABI25_03834,GRW_05140,Tilt 250 EC,wheat,Akola_T122,2026-02-06,True,True,False,0,0,0.0,False
WAM_RABI25_01558,GRW_02087,Tilt 250 EC,wheat,Ratlam_T043,2025-12-23,True,True,False,0,0,0.0,False
WAM_RABI25_03083,GRW_04132,Amistar 250 SC,chickpea,Jaipur_T068,2026-04-01,True,True,True,0,0,0.0,False
WAM_RABI25_00062,GRW_00078,Tilt 250 EC,wheat,Patna_T128,2025-10-08,True,False,False,0,0,0.0,False
WAM_RABI25_01075,GRW_01444,Tilt 250 EC,wheat,Karnal_T029,2025-12-16,True,False,False,0,0,0.0,False
WAM_RABI25_02019,GRW_02699,Tilt 250 EC,wheat,Agra_T101,2026-01-11,True,False,False,0,0,0.0,False
WAM_RABI25_03430,GRW_04586,Tilt 250 EC,wheat,Sikar_T112,2025-11-04,True,True,False,0,0,0.0,False
WAM_RABI25_00319,GRW_00424,Amistar 250 SC,barley,Varanasi_T022,2025-10-29,True,False,False,0,0,0.0,False
WAM_RABI25_01069,GRW_01437,Tilt 250 EC,wheat,Lucknow_T077,2026-01-23,False,False,False,0,0,0.0,False
WAM_RABI25_02990,GRW_04006,Tilt 250 EC,wheat,Akola_T027,2025-10-09,True,False,False,1,15,11657.85,True
WAM_RABI25_02533,GRW_03398,Tilt 250 EC,wheat,Jalgaon_T023,2026-01-29,False,False,False,0,0,0.0,False
WAM_RABI25_00839,GRW_01140,Tilt 250 EC,wheat,Ahmedabad_T091,2025-10-07,True,False,False,0,0,0.0,False
WAM_RABI25_02592,GRW_03471,Tilt 250 EC,wheat,Sehore_T096,2025-10-20,True,False,False,1,7,14880.25,True
WAM_RABI25_01115,GRW_01497,Score 250 EC,mustard,Rohtak_T014,2025-10-19,True,False,False,0,0,0.0,False
WAM_RABI25_04262,GRW_05721,Tilt 250 EC,wheat,Akola_T091,2025-10-19,True,False,False,0,0,0.0,False
WAM_RABI25_03760,GRW_05035,Kavach 75 WP,potato,Ludhiana_T044,2026-02-01,True,False,False,0,0,0.0,False
WAM_RABI25_02223,GRW_02979,Amistar 250 SC,lentil,Ujjain_T105,2025-10-13,True,True,True,0,0,0.0,False
WAM_RABI25_03115,GRW_04171,Score 250 EC,mustard,Lucknow_T161,2025-12-10,True,False,False,0,0,0.0,False
WAM_RABI25_01699,GRW_02269,Tilt 250 EC,wheat,Mehsana_T119,2025-11-25,True,False,False,0,0,0.0,False
WAM_RABI25_01367,GRW_01833,Score 250 EC,mustard,Ahmedabad_T004,2026-03-15,True,False,False,0,0,0.0,False
WAM_RABI25_00801,GRW_01092,Score 250 EC,safflower,Vijayapura_T053,2025-12-07,True,True,False,0,0,0.0,False
WAM_RABI25_03984,GRW_05337,Tilt 250 EC,wheat,Lucknow_T050,2025-12-21,True,False,False,1,2,3487.06,True
WAM_RABI25_04040,GRW_05410,Amistar 250 SC,chickpea,Mehsana_T029,2026-03-09,True,False,False,1,5,2081.25,True
WAM_RABI25_00197,GRW_00260,Tilt 250 EC,wheat,Bharatpur_T086,2026-02-06,True,False,False,0,0,0.0,False
WAM_RABI25_03340,GRW_04466,Tilt 250 EC,wheat,Hisar_T066,2025-10-27,True,False,False,0,0,0.0,False
WAM_RABI25_01739,GRW_02324,Kavach 75 WP,potato,Lucknow_T104,2026-03-11,False,False,False,3,15,25407.440000000002,True
WAM_RABI25_00656,GRW_00871,Score 250 EC,safflower,Akola_T043,2025-11-02,True,False,False,0,0,0.0,False
WAM_RABI25_03149,GRW_04216,Amistar 250 SC,chickpea,Rajkot_T064,2025-11-10,True,False,False,0,0,0.0,False
WAM_RABI25_02043,GRW_02736,Tilt 250 EC,wheat,Jaipur_T121,2026-01-11,True,False,False,0,0,0.0,False
WAM_RABI25_03976,GRW_05323,Amistar 250 SC,barley,Kanpur_Nagar_T089,2026-02-18,True,False,False,0,0,0.0,False
WAM_RABI25_04022,GRW_05385,Tilt 250 EC,wheat,Kalaburagi_T004,2025-11-22,True,False,False,0,0,0.0,False
WAM_RABI25_03704,GRW_04955,Amistar 250 SC,barley,Meerut_T078,2026-03-18,True,False,False,0,0,0.0,False
WAM_RABI25_03110,GRW_04163,Tilt 250 EC,wheat,Karnal_T033,2025-10-09,True,False,False,0,0,0.0,False
WAM_RABI25_01057,GRW_01421,Tilt 250 EC,wheat,Rajkot_T065,2025-10-07,True,False,False,0,0,0.0,False
WAM_RABI25_01695,GRW_02265,Tilt 250 EC,wheat,Agra_T069,2026-03-23,True,False,False,0,0,0.0,False
WAM_RABI25_00097,GRW_00126,Amistar 250 SC,barley,Sikar_T052,2025-11-10,True,False,False,0,0,0.0,False
WAM_RABI25_00140,GRW_00181,Amistar 250 SC,barley,Jaipur_T066,2026-03-27,True,True,False,0,0,0.0,False
WAM_RABI25_01085,GRW_01456,Tilt 250 EC,wheat,Bathinda_T099,2026-02-22,True,False,False,0,0,0.0,False
WAM_RABI25_01551,GRW_02079,Amistar 250 SC,chickpea,Hisar_T098,2026-01-23,True,False,False,0,0,0.0,False
WAM_RABI25_03649,GRW_04874,Amistar 250 SC,chickpea,Muzaffarpur_T029,2025-11-10,True,True,True,0,0,0.0,False
WAM_RABI25_00439,GRW_00585,Amistar 250 SC,chickpea,Ratlam_T066,2026-02-17,True,False,False,3,11,16084.76,True
WAM_RABI25_03227,GRW_04323,Tilt 250 EC,wheat,Rohtak_T114,2026-02-12,True,False,False,0,0,0.0,False
WAM_RABI25_01053,GRW_01417,Tilt 250 EC,wheat,Amravati_T079,2025-12-22,True,False,False,0,0,0.0,False
WAM_RABI25_04422,GRW_05927,Amistar 250 SC,barley,Sirsa_T113,2025-10-09,True,False,False,0,0,0.0,False
WAM_RABI25_02868,GRW_03846,Score 250 EC,mustard,Nadia_T127,2025-10-07,True,True,False,0,0,0.0,False
WAM_RABI25_00671,GRW_00893,Tilt 250 EC,wheat,Ludhiana_T112,2025-10-06,True,False,False,0,0,0.0,False
WAM_RABI25_04003,GRW_05362,Amistar 250 SC,chickpea,Rajkot_T009,2025-11-02,True,False,False,6,27,32433.92,True
WAM_RABI25_01823,GRW_02441,Tilt 250 EC,wheat,Jalgaon_T060,2025-10-13,True,False,False,0,0,0.0,False
WAM_RABI25_03738,GRW_05001,Tilt 250 EC,wheat,Sikar_T128,2025-12-19,True,False,False,3,26,41574.17,True
WAM_RABI25_03743,GRW_05008,Tilt 250 EC,wheat,Muzaffarpur_T013,2026-03-01,True,False,False,0,0,0.0,False
WAM_RABI25_01771,GRW_02371,Tilt 250 EC,wheat,Indore_T126,2025-10-31,True,True,False,0,0,0.0,False
WAM_RABI25_02644,GRW_03539,Amistar 250 SC,chickpea,Indore_T117,2026-01-28,True,False,False,0,0,0.0,False
WAM_RABI25_03194,GRW_04276,Amistar 250 SC,chickpea,Ujjain_T010,2026-01-20,True,True,True,2,3,4830.870000000001,True
WAM_RABI25_02641,GRW_03536,Amistar 250 SC,chickpea,Kalaburagi_T113,2025-10-18,True,False,False,0,0,0.0,False
WAM_RABI25_02068,GRW_02773,Tilt 250 EC,wheat,Ujjain_T008,2026-03-24,True,False,False,0,0,0.0,False
WAM_RABI25_01660,GRW_02220,Amistar 250 SC,chickpea,Bikaner_T101,2025-12-21,True,False,False,0,0,0.0,False
WAM_RABI25_02575,GRW_03451,Tilt 250 EC,wheat,Agra_T081,2025-12-17,True,False,False,0,0,0.0,False
WAM_RABI25_00151,GRW_00195,Amistar 250 SC,chickpea,Kanpur_Nagar_T160,2025-11-20,True,True,False,0,0,0.0,False
WAM_RABI25_02178,GRW_02925,Amistar 250 SC,maize,Muzaffarpur_T040,2025-10-08,True,False,False,0,0,0.0,False
WAM_RABI25_02067,GRW_02770,Tilt 250 EC,wheat,Rajkot_T088,2026-02-19,True,False,False,0,0,0.0,False
WAM_RABI25_03407,GRW_04553,Tilt 250 EC,wheat,Patna_T047,2025-10-27,True,True,False,0,0,0.0,False
WAM_RABI25_04239,GRW_05690,Tilt 250 EC,wheat,Vijayapura_T047,2025-10-09,True,False,False,0,0,0.0,False
WAM_RABI25_01271,GRW_01706,Tilt 250 EC,wheat,Rajkot_T073,2025-12-03,True,True,False,0,0,0.0,False
WAM_RABI25_03906,GRW_05238,Score 250 EC,safflower,Kalaburagi_T046,2025-11-24,True,False,False,0,0,0.0,False
WAM_RABI25_00204,GRW_00268,Kavach 75 WP,potato,Lucknow_T137,2026-01-16,True,False,False,3,8,6470.1,True
WAM_RABI25_02657,GRW_03553,Tilt 250 EC,wheat,Jaipur_T084,2025-11-16,True,False,False,1,14,11060.699999999999,True
WAM_RABI25_01062,GRW_01426,Tilt 250 EC,wheat,Meerut_T028,2026-03-22,True,False,False,0,0,0.0,False
WAM_RABI25_00240,GRW_00315,Tilt 250 EC,wheat,Patiala_T049,2026-01-16,True,False,False,0,0,0.0,False
WAM_RABI25_01129,GRW_01517,Tilt 250 EC,wheat,Patna_T013,2025-12-03,True,False,False,0,0,0.0,False
WAM_RABI25_01836,GRW_02462,Tilt 250 EC,wheat,Kalaburagi_T122,2025-12-09,True,True,True,0,0,0.0,False
WAM_RABI25_00539,GRW_00712,Score 250 EC,mustard,Jaipur_T139,2025-11-17,True,False,False,0,0,0.0,False
WAM_RABI25_02708,GRW_03620,Tilt 250 EC,wheat,Kanpur_Nagar_T083,2025-10-19,True,False,False,0,0,0.0,False
WAM_RABI25_02637,GRW_03531,Tilt 250 EC,wheat,Lucknow_T028,2025-10-24,True,False,False,3,12,8092.8099999999995,True
WAM_RABI25_03096,GRW_04145,Amistar 250 SC,lentil,Sehore_T110,2026-02-01,True,False,False,3,7,11058.189999999999,True
WAM_RABI25_00377,GRW_00497,Amistar 250 SC,lentil,Sehore_T013,2025-11-26,True,True,False,1,22,39560.18,True
WAM_RABI25_03013,GRW_04034,Score 250 EC,safflower,Amravati_T107,2026-01-21,True,False,False,0,0,0.0,False
WAM_RABI25_02502,GRW_03352,Amistar 250 SC,maize,Muzaffarpur_T008,2025-10-25,True,False,False,0,0,0.0,False
WAM_RABI25_00681,GRW_00909,Tilt 250 EC,wheat,Indore_T130,2026-01-10,True,False,False,0,0,0.0,False
WAM_RABI25_02079,GRW_02792,Score 250 EC,mustard,Rajkot_T023,2026-01-11,True,False,False,0,0,0.0,False
WAM_RABI25_00388,GRW_00511,Amistar 250 SC,barley,Hisar_T046,2026-01-01,True,False,False,1,1,691.06,True
WAM_RABI25_00950,GRW_01283,Tilt 250 EC,wheat,Muzaffarpur_T020,2025-10-13,True,False,False,0,0,0.0,False
WAM_RABI25_02169,GRW_02911,Amistar 250 SC,chickpea,Amravati_T132,2025-10-10,True,False,False,0,0,0.0,False
WAM_RABI25_04164,GRW_05589,Amistar 250 SC,lentil,Sehore_T113,2026-01-01,True,False,False,0,0,0.0,False
WAM_RABI25_02654,GRW_03550,Tilt 250 EC,wheat,Sehore_T142,2025-11-14,True,False,False,1,3,4349.549999999999,True
WAM_RABI25_02980,GRW_03993,Tilt 250 EC,wheat,Varanasi_T083,2025-10-15,True,False,False,2,20,12655.920000000002,True
WAM_RABI25_01840,GRW_02466,Tilt 250 EC,wheat,Nadia_T026,2025-10-27,True,True,True,0,0,0.0,False
WAM_RABI25_04354,GRW_05846,Amistar 250 SC,chickpea,Mehsana_T022,2026-01-24,True,True,False,1,6,4297.799999999999,True
WAM_RABI25_00372,GRW_00492,Amistar 250 SC,chickpea,Sikar_T124,2025-12-09,True,False,False,1,1,892.57,True
WAM_RABI25_01648,GRW_02205,Amistar 250 SC,lentil,Patna_T138,2025-11-02,True,False,False,0,0,0.0,False
WAM_RABI25_02390,GRW_03194,Score 250 EC,mustard,Nadia_T068,2025-12-14,True,False,False,3,3,3529.36,True
WAM_RABI25_01158,GRW_01557,Score 250 EC,safflower,Jalgaon_T028,2025-10-08,True,False,False,0,0,0.0,False
WAM_RABI25_02981,GRW_03994,Amistar 250 SC,chickpea,Bathinda_T152,2025-10-12,True,False,False,0,0,0.0,False
WAM_RABI25_03762,GRW_05037,Amistar 250 SC,chickpea,Lucknow_T015,2025-12-01,True,False,False,0,0,0.0,False
WAM_RABI25_00622,GRW_00822,Amistar 250 SC,barley,Varanasi_T116,2026-03-21,True,False,False,0,0,0.0,False
WAM_RABI25_00479,GRW_00633,Tilt 250 EC,wheat,Sehore_T097,2025-12-15,True,False,False,0,0,0.0,False
WAM_RABI25_04295,GRW_05764,Kavach 75 WP,potato,Bardhaman_T031,2026-02-28,True,False,False,0,0,0.0,False
WAM_RABI25_01174,GRW_01581,Score 250 EC,safflower,Jalgaon_T052,2025-11-13,True,True,False,0,0,0.0,False
WAM_RABI25_03332,GRW_04457,Tilt 250 EC,wheat,Indore_T054,2025-12-10,True,False,False,0,0,0.0,False
WAM_RABI25_04136,GRW_05549,Amistar 250 SC,chickpea,Jaipur_T106,2025-10-27,True,False,False,0,0,0.0,False
WAM_RABI25_00192,GRW_00253,Score 250 EC,mustard,Agra_T071,2026-03-18,False,False,False,0,0,0.0,False
WAM_RABI25_00991,GRW_01338,Tilt 250 EC,wheat,Sehore_T021,2025-12-27,True,True,False,0,0,0.0,False
WAM_RABI25_01438,GRW_01928,Tilt 250 EC,wheat,Sehore_T058,2025-10-26,True,False,False,0,0,0.0,False
WAM_RABI25_01213,GRW_01631,Amistar 250 SC,chickpea,Lucknow_T029,2025-12-10,True,True,False,0,0,0.0,False
WAM_RABI25_02571,GRW_03446,Tilt 250 EC,wheat,Akola_T056,2026-03-14,True,True,False,2,4,2445.52,True
WAM_RABI25_02441,GRW_03266,Score 250 EC,mustard,Rohtak_T029,2025-10-24,True,True,True,0,0,0.0,False
WAM_RABI25_01420,GRW_01907,Score 250 EC,mustard,Hisar_T105,2025-10-18,True,False,False,0,0,0.0,False
WAM_RABI25_03263,GRW_04372,Tilt 250 EC,wheat,Ratlam_T109,2026-03-11,True,False,False,0,0,0.0,False
WAM_RABI25_03120,GRW_04179,Tilt 250 EC,wheat,Meerut_T121,2025-12-15,True,False,False,0,0,0.0,False
WAM_RABI25_02183,GRW_02931,Tilt 250 EC,wheat,Sirsa_T076,2025-11-14,True,False,False,0,0,0.0,False
WAM_RABI25_01011,GRW_01365,Amistar 250 SC,chickpea,Mehsana_T133,2025-11-08,True,False,False,1,1,1976.45,True
WAM_RABI25_02442,GRW_03267,Tilt 250 EC,wheat,Agra_T086,2025-10-09,True,False,False,0,0,0.0,False
WAM_RABI25_02933,GRW_03927,Tilt 250 EC,wheat,Sikar_T079,2025-10-30,True,True,True,0,0,0.0,False
WAM_RABI25_03907,GRW_05239,Score 250 EC,safflower,Vijayapura_T034,2025-10-14,True,False,False,2,11,16177.96,True
WAM_RABI25_00070,GRW_00088,Amistar 250 SC,chickpea,Karnal_T121,2025-12-27,True,False,False,0,0,0.0,False
WAM_RABI25_00626,GRW_00829,Amistar 250 SC,chickpea,Rajkot_T033,2025-12-03,True,False,False,0,0,0.0,False
WAM_RABI25_01489,GRW_01996,Tilt 250 EC,wheat,Rohtak_T083,2025-12-22,True,True,True,0,0,0.0,False
WAM_RABI25_04155,GRW_05574,Tilt 250 EC,wheat,Muzaffarpur_T083,2026-01-12,True,False,False,4,26,26451.54,True
WAM_RABI25_03193,GRW_04274,Tilt 250 EC,wheat,Sehore_T124,2025-11-08,True,False,False,0,0,0.0,False
WAM_RABI25_03281,GRW_04394,Tilt 250 EC,wheat,Sirsa_T081,2025-10-25,True,False,False,0,0,0.0,False
WAM_RABI25_04170,GRW_05599,Kavach 75 WP,potato,Meerut_T043,2026-02-27,True,False,False,1,6,5761.5,True
WAM_RABI25_03933,GRW_05269,Amistar 250 SC,lentil,Patna_T109,2025-11-13,True,False,False,0,0,0.0,False
WAM_RABI25_04234,GRW_05684,Amistar 250 SC,chickpea,Ratlam_T054,2026-01-04,True,False,False,0,0,0.0,False
WAM_RABI25_00167,GRW_00218,Tilt 250 EC,wheat,Ludhiana_T004,2025-10-09,True,False,False,0,0,0.0,False
WAM_RABI25_00799,GRW_01089,Score 250 EC,mustard,Amritsar_T018,2025-12-10,True,False,False,0,0,0.0,False
WAM_RABI25_02343,GRW_03137,Score 250 EC,safflower,Jalgaon_T086,2025-10-13,True,False,False,0,0,0.0,False
WAM_RABI25_01048,GRW_01411,Tilt 250 EC,wheat,Sikar_T074,2026-02-27,True,False,False,0,0,0.0,False
WAM_RABI25_01262,GRW_01693,Score 250 EC,safflower,Vijayapura_T100,2025-10-07,True,False,False,0,0,0.0,False
WAM_RABI25_02563,GRW_03435,Amistar 250 SC,lentil,Patna_T042,2025-10-18,True,False,False,0,0,0.0,False
WAM_RABI25_02482,GRW_03325,Score 250 EC,mustard,Varanasi_T084,2025-11-18,True,False,False,0,0,0.0,False
WAM_RABI25_01685,GRW_02253,Tilt 250 EC,wheat,Sehore_T120,2025-10-28,True,True,False,1,88,102800.72,True
WAM_RABI25_02628,GRW_03520,Amistar 250 SC,chickpea,Ratlam_T079,2025-11-11,True,False,False,0,0,0.0,False
WAM_RABI25_02214,GRW_02967,Amistar 250 SC,chickpea,Bathinda_T064,2025-12-01,True,False,False,0,0,0.0,False
WAM_RABI25_01371,GRW_01838,Tilt 250 EC,wheat,Rohtak_T024,2025-10-06,True,False,False,0,0,0.0,False
WAM_RABI25_02911,GRW_03898,Tilt 250 EC,wheat,Rohtak_T133,2026-01-14,True,False,False,0,0,0.0,False
WAM_RABI25_02250,GRW_03016,Amistar 250 SC,maize,Muzaffarpur_T077,2025-12-01,True,False,False,0,0,0.0,False
WAM_RABI25_00081,GRW_00102,Tilt 250 EC,wheat,Sehore_T007,2025-10-22,True,False,False,0,0,0.0,False
WAM_RABI25_00292,GRW_00383,Tilt 250 EC,wheat,Patna_T013,2025-10-17,True,False,False,0,0,0.0,False
WAM_RABI25_03618,GRW_04835,Tilt 250 EC,wheat,Ludhiana_T036,2025-11-18,True,False,False,2,43,64012.83,True
WAM_RABI25_02689,GRW_03593,Tilt 250 EC,wheat,Bardhaman_T091,2025-11-24,True,False,False,0,0,0.0,False
WAM_RABI25_04137,GRW_05550,Tilt 250 EC,wheat,Muzaffarpur_T012,2025-11-28,True,True,False,4,22,39321.659999999996,True
WAM_RABI25_02631,GRW_03523,Amistar 250 SC,chickpea,Ujjain_T159,2025-10-19,True,False,False,0,0,0.0,False
WAM_RABI25_01627,GRW_02176,Amistar 250 SC,chickpea,Rohtak_T102,2025-10-12,True,False,False,0,0,0.0,False
WAM_RABI25_02978,GRW_03991,Tilt 250 EC,wheat,Patiala_T084,2025-10-16,True,False,False,0,0,0.0,False
WAM_RABI25_00545,GRW_00719,Amistar 250 SC,chickpea,Meerut_T139,2026-01-28,True,True,False,1,6,12769.26,True
WAM_RABI25_00556,GRW_00733,Score 250 EC,safflower,Akola_T058,2025-11-04,True,True,True,0,0,0.0,False
WAM_RABI25_00123,GRW_00160,Score 250 EC,mustard,Hisar_T025,2025-11-09,True,True,False,0,0,0.0,False
WAM_RABI25_00153,GRW_00198,Amistar 250 SC,chickpea,Jalgaon_T045,2025-11-19,True,True,False,0,0,0.0,False
WAM_RABI25_04303,GRW_05774,Kavach 75 WP,potato,Patiala_T023,2025-10-29,True,False,False,0,0,0.0,False
WAM_RABI25_02629,GRW_03521,Amistar 250 SC,chickpea,Ratlam_T104,2025-10-22,True,False,False,0,0,0.0,False
WAM_RABI25_03642,GRW_04865,Tilt 250 EC,wheat,Karnal_T129,2025-12-08,True,False,False,0,0,0.0,False
WAM_RABI25_02900,GRW_03884,Tilt 250 EC,wheat,Nadia_T082,2025-10-15,True,False,False,0,0,0.0,False
WAM_RABI25_03484,GRW_04661,Tilt 250 EC,wheat,Ludhiana_T132,2025-10-09,True,False,False,0,0,0.0,False
WAM_RABI25_03054,GRW_04090,Tilt 250 EC,wheat,Meerut_T090,2025-10-20,True,False,False,0,0,0.0,False
WAM_RABI25_03393,GRW_04534,Tilt 250 EC,wheat,Akola_T114,2026-02-15,True,False,False,0,0,0.0,False
WAM_RABI25_03167,GRW_04238,Kavach 75 WP,potato,Nadia_T118,2026-01-19,True,True,False,1,3,3870.0299999999997,True
WAM_RABI25_02510,GRW_03361,Tilt 250 EC,wheat,Patna_T009,2025-11-02,True,False,False,3,10,11254.68,True
WAM_RABI25_00009,GRW_00011,Amistar 250 SC,chickpea,Ujjain_T091,2026-02-09,True,True,False,0,0,0.0,False
WAM_RABI25_00870,GRW_01178,Tilt 250 EC,wheat,Kalaburagi_T013,2025-10-10,True,True,False,0,0,0.0,False
WAM_RABI25_03411,GRW_04559,Amistar 250 SC,chickpea,Amravati_T073,2026-01-01,True,False,False,0,0,0.0,False
WAM_RABI25_02447,GRW_03272,Tilt 250 EC,wheat,Rajkot_T019,2026-01-06,True,False,False,0,0,0.0,False
WAM_RABI25_03856,GRW_05166,Amistar 250 SC,barley,Varanasi_T136,2025-11-06,True,False,False,0,0,0.0,False
WAM_RABI25_01615,GRW_02159,Tilt 250 EC,wheat,Amravati_T127,2025-12-23,True,False,False,0,0,0.0,False
WAM_RABI25_02811,GRW_03759,Tilt 250 EC,wheat,Muzaffarpur_T102,2025-12-13,True,True,False,0,0,0.0,False
WAM_RABI25_03611,GRW_04827,Score 250 EC,mustard,Sehore_T137,2026-01-28,True,False,False,4,14,29666.350000000002,True
WAM_RABI25_01590,GRW_02124,Tilt 250 EC,wheat,Rohtak_T124,2025-10-10,True,False,False,0,0,0.0,False
WAM_RABI25_02580,GRW_03457,Tilt 250 EC,wheat,Ludhiana_T014,2026-01-21,True,False,False,4,39,61854.08,True
WAM_RABI25_01103,GRW_01479,Score 250 EC,mustard,Ahmedabad_T054,2025-12-10,True,False,False,1,1,964.52,True
WAM_RABI25_02477,GRW_03317,Tilt 250 EC,wheat,Bikaner_T131,2026-02-08,True,False,False,0,0,0.0,False
WAM_RABI25_00599,GRW_00789,Amistar 250 SC,barley,Agra_T123,2026-03-01,True,False,False,0,0,0.0,False
WAM_RABI25_01704,GRW_02277,Amistar 250 SC,chickpea,Ratlam_T120,2025-10-12,True,False,False,0,0,0.0,False
WAM_RABI25_00310,GRW_00412,Amistar 250 SC,chickpea,Vijayapura_T080,2025-11-06,False,False,False,0,0,0.0,False
WAM_RABI25_02168,GRW_02910,Tilt 250 EC,wheat,Hisar_T036,2025-10-22,True,False,False,0,0,0.0,False
WAM_RABI25_02100,GRW_02819,Tilt 250 EC,wheat,Ujjain_T105,2025-10-24,True,False,False,0,0,0.0,False
WAM_RABI25_02963,GRW_03969,Score 250 EC,mustard,Amritsar_T149,2025-12-28,True,False,False,0,0,0.0,False
WAM_RABI25_04370,GRW_05864,Score 250 EC,safflower,Vijayapura_T080,2026-03-05,True,False,False,3,6,7212.339999999999,True
WAM_RABI25_01589,GRW_02123,Amistar 250 SC,chickpea,Vijayapura_T134,2025-10-11,True,False,False,1,1,1984.15,True
WAM_RABI25_02023,GRW_02707,Tilt 250 EC,wheat,Amritsar_T108,2025-10-18,True,False,False,0,0,0.0,False
WAM_RABI25_03002,GRW_04021,Tilt 250 EC,wheat,Muzaffarpur_T052,2025-10-27,True,False,False,0,0,0.0,False
WAM_RABI25_01581,GRW_02115,Score 250 EC,mustard,Jaipur_T138,2025-10-18,True,True,False,0,0,0.0,False
WAM_RABI25_00872,GRW_01182,Score 250 EC,mustard,Ratlam_T065,2026-01-16,True,False,False,3,4,4637.25,True
WAM_RABI25_01290,GRW_01731,Tilt 250 EC,wheat,Rajkot_T031,2025-10-27,True,True,False,3,12,13854.419999999998,True
WAM_RABI25_00185,GRW_00246,Tilt 250 EC,wheat,Patna_T031,2026-01-14,True,False,False,0,0,0.0,False
WAM_RABI25_00206,GRW_00270,Amistar 250 SC,barley,Sikar_T073,2026-03-31,True,False,False,0,0,0.0,False
